sim_gpu,geometry_gpu,binning_gpu,raster_gpu,post_gpu,simulation_us,geometry_us,binning_us,raster_us,post_us,work_us,frame_us
1,1,1,1,1,1294,1273,3229,18637,10253,34686,34696
1,1,1,1,1,1292,1249,3365,18146,10263,34315,34326
1,1,1,1,1,1685,1316,3466,18370,10222,35059,35069
1,1,1,1,1,1293,1205,3352,20995,10248,37093,37104
1,1,1,1,1,1337,1247,3506,17500,10690,34280,34289
1,1,1,1,1,1284,1259,3689,19325,10587,36144,36155
1,1,1,1,1,1553,1223,3435,18242,10263,34716,34731
1,1,1,1,1,1487,1714,3414,18286,10247,35148,35159
1,1,1,1,1,1309,1242,3348,20375,10170,36444,36454
1,1,1,1,1,1342,1214,3423,19056,10250,35285,35296
1,1,1,1,1,1301,1189,3451,18798,10382,35121,35133
1,1,1,1,1,1702,1210,3359,18731,10243,35245,35256
1,1,1,1,1,1332,1194,3308,19393,10290,35517,35528
1,1,1,1,1,1299,1198,3595,18577,10273,34942,34952
1,1,1,1,1,1308,1226,3381,19301,10368,35584,35593
1,1,1,1,1,1300,1218,3327,21664,11010,38519,38530
1,1,1,1,1,1311,1240,3431,21266,10256,37504,37512
1,1,1,1,1,1242,1178,3241,18329,10247,34237,34241
1,1,1,1,1,1243,1197,3209,18021,10231,33901,33908
1,1,1,1,1,1308,1181,3404,17858,10248,33999,34008
1,1,1,1,1,1310,1232,3428,18781,10269,35020,35029
1,1,1,1,1,1291,1186,3377,17868,10496,34218,34228
1,1,1,1,1,1288,1205,3259,18265,10678,34695,34706
1,1,1,1,1,1224,1210,3495,18859,10535,35323,35330
1,1,1,1,1,1265,1513,3470,19070,10631,35949,35958
1,1,1,1,1,1224,1167,3383,20843,11197,37814,37823
1,1,1,1,1,1258,1268,3244,18580,10584,34934,34944
1,1,1,1,1,1251,1243,3297,20237,10326,36354,36362
1,1,1,1,1,1239,1278,3338,18505,10633,34993,35002
1,1,1,1,1,1218,1198,3368,17927,10588,34299,34306
1,1,1,1,1,1258,1188,3311,18377,10328,34462,34468
1,1,1,1,1,1241,1189,3343,19937,10331,36041,36047
1,1,1,1,1,1228,1176,3282,18708,10372,34766,34770
1,1,1,1,1,1241,1177,3223,18548,10296,34485,34491
1,1,1,1,1,1242,1192,3351,18069,10370,34224,34229
1,1,1,1,1,1211,1230,3295,18927,10425,35088,35092
1,1,1,1,1,1224,1231,3407,19139,10519,35520,35525
1,1,1,1,1,1224,1234,3329,18079,11074,34940,34944
1,1,1,1,1,1220,1169,3381,21816,10269,37855,37863
1,1,1,1,1,1540,1234,3736,21645,10311,38466,38477
1,1,1,1,1,1299,1231,3424,19322,10275,35551,35561
1,1,1,1,1,1307,1182,3421,19085,10321,35316,35326
1,1,1,1,1,1272,1232,3473,18001,10162,34140,34150
1,1,1,1,1,1300,1214,3496,17843,10214,34067,34075
1,1,1,1,1,1212,1281,3282,17816,10646,34237,34244
1,1,1,1,1,1233,1188,3430,18343,10367,34561,34570
1,1,1,1,1,1259,1173,3327,19351,10543,35653,35662
1,1,1,1,1,1675,1237,3364,31827,11224,49327,49336
1,1,1,1,1,7180,14810,6099,19686,10696,58471,58480
1,1,1,1,1,1372,1241,3906,18537,10578,35634,35642
1,1,1,1,1,1272,1177,3296,19245,11409,36399,36407
1,1,1,1,1,1362,1236,3528,18589,10708,35423,35432
1,1,1,1,1,1372,1306,3383,17564,10620,34245,34253
1,1,1,1,1,1268,1192,3334,17480,10323,33597,33602
1,1,1,1,1,1273,1201,3238,18011,10344,34067,34073
1,1,1,1,1,1213,1163,3203,18430,10320,34329,34332
1,1,1,1,1,1236,1166,3259,18478,10368,34507,34511
1,1,1,1,1,1257,1199,3253,19089,10393,35191,35201
1,1,1,1,1,1287,1212,3208,18292,10289,34288,34293
1,1,1,1,1,1227,1196,3340,17451,10359,33573,33579
1,1,1,1,1,1229,1168,3168,18290,10527,34382,34387
1,1,1,1,1,1213,1190,3221,17895,10297,33816,33821
1,1,1,1,1,1222,1195,3236,17597,10285,33535,33543
1,1,1,1,1,1364,1250,3433,18247,10265,34559,34569
1,1,1,1,1,1338,1298,3225,17831,10233,33925,33935
1,1,1,1,1,1305,1239,3590,18793,10190,35117,35127
1,1,1,1,1,1313,1227,3266,18905,10205,34916,34926
1,1,1,1,1,1290,1206,3354,18001,10529,34380,34387
1,1,1,1,1,1253,1247,3324,18090,10328,34242,34252
1,1,1,1,1,1273,1251,3302,19065,10336,35227,35233
1,1,1,1,1,1249,1157,3337,18098,10354,34195,34200
1,1,1,1,1,1227,1179,3344,18323,10274,34347,34352
1,1,1,1,1,1212,1179,3352,18420,10325,34488,34494
1,1,1,1,1,1227,1174,3288,18535,10302,34526,34531
1,1,1,1,1,1249,1154,3262,17817,10270,33752,33758
1,1,1,1,1,1262,1229,3225,17421,10301,33438,33443
1,1,1,1,1,1233,1178,3280,18102,10290,34083,34087
1,1,1,1,1,1236,1196,3394,17662,10207,33695,33700
1,1,1,1,1,1360,1187,3236,17329,10267,33379,33387
1,1,1,1,1,1307,1340,3241,16856,10233,32977,32987
