histogram_us,scan_us,scatter_us,simulation_us,screen_binning_us,render_us,frame_us,candidates
1372,18,1388,21888,2992,2905,30563,9624648
1233,15,1544,21686,2889,2913,30280,9628712
1296,35,1618,22313,2720,2831,30813,9630662
1488,15,1348,29429,2710,2494,37484,9634268
1690,21,1265,21141,3606,2478,30201,9636642
1241,17,1612,21375,3165,2694,30104,9641316
1274,17,1559,21293,3105,2484,29732,9645662
1232,19,1353,22005,2625,3172,30406,9650800
1299,16,1282,22124,2903,2830,30454,9656856
1747,16,1327,21653,2885,2607,30235,9662370
1638,15,1529,21472,3237,2761,30652,9667996
1240,18,1521,21459,3359,2639,30236,9672886
1636,19,1277,22009,3059,2611,30611,9678918
1500,19,1307,23636,3001,2816,32279,9686424
1620,17,1449,22769,3092,2957,31904,9691862
1459,18,1364,22361,2599,2934,30735,9698078
1244,20,1278,24698,2662,3048,32950,9704586
1375,15,1224,23113,2947,2714,31388,9712178
1225,19,1648,23171,2995,2951,32009,9718800
1537,23,1342,21939,3268,2521,30630,9724564
1253,36,1541,23040,2899,2597,31366,9731192
1548,20,1672,21657,3090,2929,30916,9738394
1375,16,1734,22458,2820,3290,31693,9746480
1478,54,1501,23013,2871,2856,31773,9753204
1427,35,1621,21919,3264,2749,31015,9759662
1366,18,1530,22272,3444,2917,31547,9767620
2500,36,2565,23473,3545,2877,34996,9775182
1380,92,1444,23123,3124,3437,32600,9782144
1370,35,1455,22878,3043,2910,31691,9790268
1571,98,1575,22643,3294,3030,32211,9798052
1446,52,1631,23159,3457,2866,32611,9804384
1497,44,1515,23627,3264,2995,32942,9811694
1749,42,1325,24094,3423,2931,33564,9820082
1617,34,1359,22674,3190,2882,31756,9829626
1551,47,1639,22691,4119,2665,32712,9838114
1396,34,1819,22307,3255,2616,31427,9846134
1349,37,3299,27675,3163,3096,38619,9854660
1421,34,1758,22307,3074,6788,35382,9864440
1520,30,1499,23885,3478,3078,33490,9875424
1288,45,1306,23848,3248,2819,32554,9886284
1433,35,1337,24148,3034,2863,32850,9896470
1275,16,1592,22765,2956,3007,31611,9906354
1497,39,1281,24166,3179,2719,32881,9916156
1597,35,1718,23939,3203,3091,33583,9926690
1618,43,1338,24509,2964,4082,34554,9937632
1506,35,1253,22881,3299,3704,32678,9948738
1588,41,1466,23397,2721,3086,32299,9958260
1534,42,1349,22848,3132,2642,31547,9969596
2179,45,1448,23301,2763,3178,32914,9980358
1454,44,1585,23991,3065,2652,32791,9991742
1745,35,1715,23577,3936,2696,33704,10004260
1462,42,1565,24046,3019,2765,32899,10017510
1716,74,2532,23877,3334,2954,34487,10029094
1369,41,1564,24049,3621,3332,33976,10042614
1470,35,1592,23987,3091,6819,36994,10056916
1421,71,1430,25116,3153,4044,35235,10069578
1647,48,1517,26716,3640,3155,36723,10084688
1635,49,1376,25163,2838,2763,33824,10097588
2086,44,1323,25211,3089,2863,34616,10111536
1574,63,1487,24467,3389,2775,33755,10125806
1337,42,1421,24540,3886,2598,33824,10140472
1478,35,1502,24045,4441,3030,34531,10155436
1413,46,1279,24975,3677,2574,33964,10170594
1728,146,2483,25403,3343,2616,35719,10185008
1421,69,2006,25125,3411,2990,35022,10201668
1418,76,1364,25441,2966,2757,34022,10217840
1805,36,1387,25037,3215,2863,34343,10234764
1310,34,1366,25587,3393,2805,34495,10251740
1633,37,1563,24956,4232,2638,35059,10267540
1319,47,1293,26627,3298,2720,35304,10284320
1697,122,1702,25747,3977,2937,36182,10301088
1504,35,1321,25091,3621,3056,34628,10317954
1798,47,1358,25339,4122,2620,35284,10333824
1354,47,2883,25780,3089,4059,37212,10350992
1818,49,1387,25494,3310,2846,34904,10369574
1443,256,1720,25255,3110,2857,34641,10388424
1440,46,1297,28541,3238,2890,37452,10408278
1559,35,1519,26106,3431,2807,35457,10425860
1562,42,1457,27498,4490,2564,37613,10445650
1256,36,1617,28827,3447,2835,38018,10465802
1745,37,1356,26889,4192,2771,36990,10485680
1330,41,1784,27052,2870,3608,36685,10506142
1577,43,1360,26880,2979,3139,35978,10526978
1663,65,1554,25775,3884,2907,35848,10546284
1447,43,1356,26992,4162,5592,39592,10567296
1441,42,1531,27433,3855,4617,38919,10587932
2004,38,1747,27820,3894,2538,38041,10608618
1290,47,2307,26518,4936,2889,37987,10629598
1564,39,1276,26385,5671,2624,37559,10650998
1295,34,1340,26755,2927,4210,36561,10673432
