simulation_us,projection_us,binning_us,raster_us
9659,432,349,6205
10683,383,311,6210
9393,476,397,6132
10912,476,325,7168
10484,467,331,6934
9933,459,335,6212
10473,469,338,6474
10736,687,318,6593
10125,472,345,6206
9526,440,335,6098
10049,422,348,6083
9065,483,341,6070
9290,525,397,6159
9026,501,347,6241
9219,500,360,6159
9156,448,325,6239
10041,346,353,7422
10468,519,309,6516
9484,436,394,6412
10184,469,331,6061
9780,443,342,6204
9283,447,387,6097
8985,438,346,6256
9477,443,354,6067
10385,449,326,6450
9189,413,327,6356
8997,448,332,6616
9454,416,349,6170
9155,485,371,6123
9646,465,357,6179
9437,421,368,6109
9308,454,351,6158
9704,413,371,6171
9366,415,330,6184
9741,434,371,6214
9425,442,364,6167
10217,384,342,6804
10786,456,307,7668
10645,439,309,6898
9151,505,357,6134
9111,509,318,6365
10299,486,342,6149
9498,382,316,6876
9637,438,329,6199
9837,439,373,6238
10015,401,321,6120
9736,463,346,6392
9129,431,329,6186
9216,485,368,6746
9548,466,326,6071
9380,417,357,6070
9132,481,321,6638
10089,434,320,6455
9235,415,341,6039
10078,378,341,7120
9614,446,322,6270
9076,458,343,6101
9389,469,360,6463
9184,484,339,6081
9402,429,362,6040
9955,375,349,6076
9396,464,343,6047
9414,449,320,6010
9112,471,355,6007
9416,435,335,6089
9473,427,345,6092
9324,445,372,6459
9599,443,358,6009
9759,410,338,6558
10788,473,364,6380
16770,457,323,6659
10528,367,336,6450
9524,477,324,6239
9894,414,313,6506
9198,462,314,6071
9197,453,320,6050
11022,547,315,6596
10732,542,317,6573
9826,426,335,6345
9200,473,352,5998
9215,446,355,6201
9262,492,342,6041
9769,409,351,6003
9820,402,361,6443
9981,380,344,6313
9413,465,333,6057
9259,438,336,6342
9204,428,372,6120
9476,464,346,6281
9128,437,345,6152
9648,477,361,6128
9911,414,353,6635
10584,564,342,6939
9309,482,397,6201
9657,451,375,6127
9124,546,385,6364
9235,492,345,6123
10106,463,317,6321
9676,387,374,6393
9628,436,356,6083
9260,425,330,6066
9017,393,353,6155
9603,470,356,6382
10317,409,312,6629
10628,477,322,6370
9383,468,317,6071
9216,440,357,6116
9418,471,347,6116
9644,439,330,6094
9802,434,365,6542
9376,481,372,6195
9301,426,339,6158
9726,469,319,6184
9705,404,348,6057
9655,491,354,6176
9691,426,350,6120
9268,442,395,6169
9891,450,363,6120
9303,504,340,6225
10070,441,363,6203
10333,435,344,6307
9044,491,355,6211
9391,356,331,6255
9150,448,348,6058
9189,437,354,6159
9474,460,343,6106
9175,406,335,6219
9051,469,364,6132
9256,439,362,6088
9361,398,359,6066
9379,434,361,6868
10052,448,333,7099
10795,467,325,6157
9767,421,378,6133
9262,478,369,6016
9396,447,356,6059
9309,478,329,6137
9443,456,343,6090
9787,491,329,6384
10811,464,302,6801
10518,378,315,6635
9143,465,380,6114
9210,486,351,6142
9863,427,357,6223
10448,402,308,6716
10593,440,313,6477
9304,403,332,6432
10128,450,377,6029
9690,374,329,6207
10093,453,327,6264
9953,441,383,6606
10646,460,315,7298
11358,480,310,8246
11563,478,332,7742
13454,523,317,11325
25558,626,320,14127
13893,487,320,7848
12875,446,328,8502
11607,555,316,6975
10633,418,302,6612
10528,419,319,6516
12159,540,314,7576
10936,402,315,6778
10586,420,368,6694
10572,396,308,6661
13170,462,314,7398
10438,410,312,6644
10666,444,339,6724
10561,476,316,6811
10923,450,325,7056
10484,418,345,6917
16090,392,317,8324
19711,531,314,6162
9846,509,326,6485
11244,533,356,6390
11524,403,383,6414
11097,456,322,6406
10851,537,334,6874
11185,1184,482,6762
10821,442,322,6835
11092,535,360,7166
10677,437,337,6569
12640,501,385,7940
12206,626,365,8034
9980,451,352,6697
10748,512,313,6912
10513,501,303,6541
10981,387,310,6279
9797,472,378,6406
9960,358,357,6633
10274,462,329,6509
9962,527,306,6710
9349,455,336,6149
9552,445,331,6276
9190,497,310,6090
9441,427,362,6100
9277,414,371,6137
10210,431,350,6102
10083,396,312,6915
9313,407,339,6197
9939,526,319,7271
10488,460,336,6945
9878,543,346,6358
10785,365,327,6922
10369,489,304,6378
9386,476,326,6101
9243,488,367,6089
9370,467,343,6190
9217,378,317,6332
9254,435,340,6257
9474,460,328,6165
9251,480,327,6114
9186,463,372,6382
9601,464,316,6200
9666,437,345,6092
9296,455,334,6236
9238,403,379,6155
9617,464,351,6582
9315,495,385,6294
9325,481,330,6119
8946,449,340,6299
10312,407,312,6848
10746,471,304,6402
9377,472,333,6618
10380,464,312,6360
9940,417,328,6310
9336,460,343,6240
9815,377,320,6552
9371,434,324,6713
16529,433,302,6732
10675,432,306,6887
9401,478,322,6068
9465,428,327,6541
9298,466,334,6233
9042,436,354,6118
9356,474,334,6349
10566,463,337,6111
9108,451,334,6244
9320,483,345,6078
9447,426,366,6140
10096,427,328,7137
9777,431,325,6491
9510,586,321,7212
10026,432,337,6133
9011,503,356,6164
10096,415,353,6086
9699,460,338,6820
10638,556,314,6589
11434,435,316,6319
10064,433,334,6134
10457,479,312,6876
9242,452,334,6239
9665,436,306,7938
10720,427,303,6892
10556,443,366,6201
9197,461,315,6037
9190,418,332,6094
9589,464,360,5944
9757,459,333,6085
9545,531,343,6239
9249,510,320,6083
10093,474,321,6542
9249,432,336,6310
9639,484,339,6166
9960,497,344,6058
9726,366,339,6143
10006,496,309,6769
10609,498,330,6524
9184,498,332,6539
9156,459,326,6223
10489,435,313,6564
9736,438,328,6607
9255,472,328,6132
9388,432,314,6767
10715,457,302,7517
9958,463,306,6840
9236,401,365,6140
9837,467,327,6833
10556,448,318,6208
9253,448,374,6101
10138,457,318,6623
10270,427,325,6616
10518,468,348,6139
10058,432,335,6046
9131,440,334,6165
9775,501,334,6350
10379,463,340,6510
10490,490,334,6606
9795,458,320,6143
9253,443,355,6096
9349,453,358,6273
10856,405,301,7257
9872,489,337,6097
9933,444,329,6299
9289,416,331,6561
9533,409,365,6104
9467,425,342,6113
9363,424,394,6047
10337,433,328,7283
11002,510,323,7570
17559,797,345,7531
10564,383,312,6268
10346,414,313,6165
10357,504,301,6298
9281,452,345,6447
9219,398,331,6074
9827,450,326,6666
10768,563,326,6513
11466,549,345,6626
10324,390,346,6886
10043,408,339,6224
9247,463,340,6306
11611,441,348,6847
9171,452,323,6216
10321,449,308,6693
9322,435,348,6085
9263,460,360,6833
9280,422,314,6014
9118,430,345,6123
9502,431,343,6390
29354,795,390,13673
12692,435,301,6719
9690,417,318,6692
10337,471,309,6262
11399,516,317,7940
10508,380,330,6241
10010,387,318,7584
9403,445,348,6077
9046,448,302,6336
9431,463,323,6236
9466,420,321,6429
9498,443,323,6108
9887,373,334,6637
9565,459,336,6209
9637,377,363,6096
9197,469,377,6495
9141,418,355,6012
9183,438,357,6342
9245,453,360,6018
9123,456,345,6134
9436,400,339,6081
10243,431,317,6878
12431,455,310,7659
13033,415,318,6985
11190,443,379,7179
11665,671,331,10049
13084,445,326,6931
11608,477,338,8033
10621,446,331,6073
9208,466,350,6040
9401,435,337,6166
9241,364,317,6656
9944,424,314,9221
11989,563,320,7153
10103,515,308,7014
10054,410,339,6020
9240,422,328,6041
10088,372,324,6409
9914,401,329,6941
9944,430,357,6048
10184,449,341,6035
9554,466,317,6113
9788,446,347,6372
9319,485,359,5995
9747,460,322,7315
10667,458,308,6965
10296,516,311,6588
10299,482,333,6213
9232,488,347,6282
9071,469,348,6118
10219,592,369,6297
9115,409,328,6143
9518,420,347,6746
11592,442,308,7009
10599,429,357,6424
9514,464,315,6163
13677,455,314,8277
10376,431,326,6316
9434,461,343,6083
9169,435,350,6253
9548,424,311,6835
9162,461,332,6141
9224,501,357,6302
10606,365,360,6164
9636,480,335,6081
9481,486,336,6082
9452,446,327,6249
10187,474,309,7079
13847,529,307,7730
10716,397,363,8113
10532,489,321,7125
10337,435,315,6192
9757,391,340,6464
9233,432,323,6528
10184,375,327,6561
9725,468,357,6128
9702,469,343,6484
9249,494,334,6466
9732,391,325,7275
10014,486,365,6182
9526,433,352,6160
9405,455,389,6066
9949,461,312,6490
9523,544,345,6005
9214,479,346,6174
9714,415,339,6090
9401,374,366,6100
9273,462,337,6061
9528,455,397,6163
9209,446,384,6676
10042,494,378,6169
9552,419,325,6162
9087,395,356,6230
9864,438,374,6070
9984,454,358,6590
9388,350,384,6136
9211,414,346,6125
9287,437,366,6211
9096,467,356,6216
9191,380,358,6126
9107,395,349,6449
9335,450,336,6065
9089,474,332,6249
10250,381,308,6582
9571,488,331,6155
9325,408,323,6660
11577,473,302,6869
10727,643,313,7099
9223,422,333,6257
10939,401,332,7918
11284,488,311,7896
9834,401,318,6125
9642,430,308,6211
9535,445,334,6936
11005,606,316,7416
11208,462,312,6885
10378,402,315,6911
9487,430,393,6150
9144,437,343,6640
9620,482,331,6073
9271,476,353,6040
9111,494,377,6292
10059,482,356,6247
9355,438,323,6091
8760,430,348,6117
9419,441,321,6048
9836,478,343,6056
9218,484,341,6124
9462,382,336,6778
9447,418,313,7076
11551,506,336,6012
9230,467,339,6143
9055,488,322,6149
9038,466,346,6156
9256,479,321,6357
9290,447,335,6236
9395,405,364,6730
9324,456,323,6218
9800,422,346,6253
9978,413,312,6113
9490,379,329,6101
9150,382,338,6213
9358,404,342,6098
9849,470,313,7343
10704,479,318,7300
9443,439,355,6084
10207,425,329,6663
9485,408,313,6052
11680,606,306,6921
9038,475,370,6068
9441,427,351,6328
9410,427,350,5984
9056,455,329,6051
9141,487,331,6055
9587,375,352,6171
9637,453,320,6031
9042,371,333,6270
9904,496,343,5944
9750,398,338,6249
9598,462,342,6789
9428,465,348,6106
9283,480,334,6140
9645,435,320,6544
9888,496,347,6118
9823,422,330,6319
9676,388,342,6324
9482,518,388,6254
10003,368,347,7276
10966,426,332,6926
11011,452,313,6078
10192,471,325,6450
9368,417,324,6164
10444,572,326,6791
9359,481,314,6074
9344,392,358,6496
9696,490,339,6773
9511,452,312,6112
9351,469,332,6112
9121,466,364,6659
10504,432,341,6603
9448,438,334,6597
10374,457,319,6595
9952,429,309,6166
9900,411,372,6062
9646,467,364,6018
9329,458,336,6217
9252,428,337,6104
10105,451,372,6033
10003,423,369,6029
10063,441,312,6449
9162,478,322,6100
9262,509,337,6095
9421,466,325,6096
9316,415,342,6058
9527,412,338,6030
9259,461,379,7060
9875,456,318,6113
9664,500,349,7145
10356,431,317,6671
10537,403,340,6318
10213,388,333,6286
9468,429,341,6109
9404,522,330,6069
9300,434,315,6086
10104,479,363,6219
9218,465,343,6079
9254,443,351,6457
9710,447,329,6108
9310,476,341,6183
9202,448,334,6104
9217,531,324,6120
9215,435,352,6223
9706,396,344,6249
9856,452,334,6234
9442,547,317,6062
9345,430,350,6136
10305,326,374,7641
10831,387,300,7807
9318,423,368,6973
9301,393,331,6170
9222,442,346,6283
10149,381,305,8114
21431,518,743,77145
63380,478,344,44441
16750,405,348,6314
9655,488,349,6080
9433,445,346,6065
10065,445,315,6077
9547,448,350,5982
9716,500,349,6129
9539,464,345,6003
9480,427,325,6115
9627,423,323,6487
9401,501,326,6116
9722,525,341,6097
9280,521,318,6114
9178,486,349,6043
9361,445,355,6108
9994,430,327,6798
9244,498,323,6183
9180,452,346,6185
10419,436,350,7906
9960,458,312,6055
10006,450,352,6122
9158,389,320,6122
9184,493,345,6057
9155,443,350,6085
9834,446,341,6254
10657,379,326,6819
9172,422,314,6160
9055,422,330,6154
9294,441,342,6104
10572,450,335,7551
10896,522,315,6742
10329,392,322,6192
10350,372,324,6082
9675,376,316,6792
10290,413,319,6156
9457,448,342,6221
9376,449,331,6966
9190,456,340,6550
10488,442,361,6165
9287,407,309,6431
9329,434,323,6488
9367,405,353,6521
9732,439,372,6287
9191,437,335,6206
9997,371,333,6188
9229,469,318,6143
8883,421,344,6291
9349,479,348,6564
9289,463,380,6106
9110,463,368,6359
9741,446,326,6069
9638,516,366,6178
9012,441,393,6410
9547,412,360,6200
9083,475,337,6548
9255,442,375,6059
9056,470,390,6081
