update_us,histogram_us,scan_us,scatter_us,render_us,frame_us
2564,2543,46,2338,4545,12036
2507,2510,21,2159,4072,11269
2829,2394,23,2420,4036,11702
2622,2262,24,2657,4023,11588
2346,2321,39,2466,3745,10917
3124,2219,26,2272,3877,11518
2319,2372,34,2343,3896,10964
2524,2495,37,2226,4258,11540
3076,2456,21,2407,3988,11948
2835,2670,34,2324,4501,12364
2586,2598,21,2433,4223,11861
3060,2292,27,2436,4482,12297
2734,2440,34,2919,3959,12086
2758,2388,23,2314,4335,11818
2984,2248,20,2453,4182,11887
2494,2601,43,2406,4410,11954
2498,2481,22,2320,3931,11252
2884,2186,24,2368,3884,11346
2501,2332,35,2272,4510,11650
2364,2505,23,2271,3799,10962
2306,2687,23,2064,4107,11187
2498,2450,35,2560,4533,12076
2686,2343,28,2194,5162,12413
2848,2522,21,2366,3908,11665
2336,2372,34,2141,4253,11136
2830,2526,23,2462,4052,11893
2666,2797,23,2179,4109,11774
2371,2224,35,2315,4451,11396
2558,2153,26,2456,3716,10909
2617,2761,20,2270,4020,11688
2261,2601,34,2498,4151,11545
2422,2350,23,2158,4237,11190
2589,2436,21,2246,3939,11231
2411,2390,21,2399,3890,11111
2790,2353,22,2580,4258,12003
2529,2371,21,2590,3765,11276
2593,2389,35,2396,4114,11527
2497,2319,27,2493,3935,11271
2708,2774,21,2393,4339,12235
2534,2533,23,2382,4176,11648
2973,2344,23,2234,4284,11858
2411,2274,34,2288,4088,11095
2652,2355,23,2328,4127,11485
2443,2244,23,2267,4416,11393
2316,2595,34,2389,3974,11308
2429,2318,24,2349,4015,11135
2464,2777,21,2277,3903,11442
2510,2428,34,2258,4430,11660
2563,2243,23,2093,3816,10738
2672,2305,24,2901,4135,12037
2873,2141,22,2443,4133,11612
2731,2282,22,2443,3686,11164
2790,2439,35,2329,4268,11861
2396,2430,25,2849,4029,11729
2694,2698,23,2300,3982,11697
2323,2526,34,2312,4423,11618
2503,2332,39,2167,4190,11231
2778,2627,25,2140,3858,11428
2302,2383,35,2391,3840,10951
3006,2226,23,2193,3836,11284
