simulation_us,render_us,frame_us
966,57152,58120
1007,35132,36144
1130,41564,42697
974,39794,40771
1580,34535,36117
967,49827,50796
1104,38773,39879
939,38036,38976
951,48292,49244
939,35460,36400
972,35580,36554
976,36945,37922
987,35180,36169
1045,43737,44784
970,41102,42074
950,41228,42180
1004,40807,41812
1071,47161,48233
1135,37255,38391
949,37441,38392
1059,50951,52013
978,48285,49264
1024,41859,42885
1126,38221,39349
1087,45164,46253
951,48032,48985
958,44448,45408
1211,46276,47489
990,47879,48872
1039,43086,44127
1016,47065,48083
974,39365,40340
964,36332,37297
1177,37495,38673
1014,39454,40529
1196,38387,39584
990,47583,48576
1196,46222,47420
1033,37804,38839
1094,40704,41799
993,39143,40138
1229,36450,37681
1134,34530,35665
1282,36933,38227
1062,34788,35853
1139,47961,49104
1162,34462,35627
1129,44062,45193
1263,33875,35142
1576,41578,43157
1249,40984,42237
1124,47089,48215
1133,43430,44565
1026,52008,53035
1210,46497,47710
2717,56973,59692
1207,41008,42218
1144,39575,40723
1902,40512,42427
1006,43938,44945
1033,55059,56094
1011,40830,41842
970,48522,49493
1089,45029,46121
1145,47783,48930
1101,49179,50282
1060,46850,47912
995,41960,42958
1855,54119,55978
1088,39629,40719
1017,41494,42519
1105,35417,36525
1162,40507,41671
993,44034,45028
945,40622,41568
958,34697,35656
935,40184,41119
987,43789,44778
979,34908,35889
961,38727,39689
1006,40997,42005
1178,38625,39805
1100,55753,56856
1099,55560,56685
1125,56624,57750
967,34775,35744
1005,44836,45843
1810,54078,55889
992,43931,44926
1690,41331,43023
968,56009,56979
995,37181,38177
1127,44260,45388
1106,37180,38288
1138,37982,39122
1078,40752,41832
1231,39200,40434
1084,37728,38814
999,40926,41927
1146,41406,42555
1048,41700,42750
952,48993,49946
1056,42299,43358
1174,55585,56761
1062,57886,58951
1008,45382,46391
1734,39446,41182
1045,43516,44564
1017,50097,51117
1124,36699,37824
1020,39888,40910
1090,36365,37456
1038,40532,41572
1118,41838,42958
1170,36885,38058
1056,37478,38537
939,39058,39998
1042,39501,40546
1078,41342,42422
1102,35826,36930
1111,45538,46665
1099,57335,58435
1133,56697,57833
983,39251,40236
1025,50019,51046
1076,57056,58134
954,56609,57565
958,40767,41729
1173,56128,57305
1020,40185,41207
980,42575,43557
1062,44453,45517
1046,51576,52624
1016,45523,46541
1034,40884,41918
976,36502,37479
989,35526,36517
997,36512,37511
1033,46223,47260
982,37212,38195
994,48641,49637
1017,54864,55882
948,43470,44419
974,35673,36649
958,42661,43621
977,55473,56452
965,51453,52420
976,36065,37043
961,45506,46469
965,45227,46194
967,39341,40310
1251,49845,51097
1095,47100,48196
1026,45698,46725
1003,57756,58761
1055,44372,45428
1011,58755,59767
1010,48142,49154
995,37187,38184
1011,60238,61250
1022,47133,48155
1131,44557,45690
954,53202,54158
956,39637,40594
975,47074,48052
1036,38981,40018
997,51423,52422
1963,47793,49758
1030,42935,43967
1014,47467,48490
1019,39046,40066
964,50226,51191
959,54242,55213
1105,48969,50077
1060,43091,44153
991,61205,62197
1049,59531,60582
998,45231,46230
1129,38825,39956
1099,36609,37710
976,51453,52430
1216,52125,53343
1001,45120,46122
1044,43742,44788
1044,57860,58906
988,58545,59535
955,50341,51298
966,46732,47699
1123,37482,38607
1120,55273,56394
973,39948,40922
1411,49536,50949
986,53739,54727
975,42974,43950
987,53841,54833
1101,39376,40481
1024,51287,52312
1016,50647,51665
1082,49087,50170
1083,50201,51285
977,38252,39231
987,38952,39940
978,45500,46479
976,49062,50039
956,42098,43056
1045,50980,52026
1157,50230,51389
970,41160,42132
983,35388,36373
991,43856,44849
988,51130,52120
978,53728,54707
994,56038,57034
971,45549,46523
1114,39690,40806
1111,43003,44117
970,46092,47063
954,47803,48759
1954,56009,57965
1065,56731,57799
1006,60011,61018
1008,44735,45745
1009,59049,60060
975,45263,46239
1495,48848,50345
1608,34754,36364
972,40358,41332
967,52604,53574
1002,44003,45008
1008,48045,49055
1019,48595,49616
983,45615,46600
919,53914,54835
960,55929,56890
1030,49691,50723
951,37316,38270
1115,57515,58632
1054,54210,55265
1069,48864,49935
1063,45382,46447
1024,40204,41231
1073,51924,52999
1013,49505,50519
1082,54592,55676
1242,46137,47380
958,51744,52704
1116,55219,56337
989,40365,41356
1078,36180,37260
948,42534,43484
1118,41741,42861
977,44707,45686
974,46183,47159
1063,53472,54536
1085,42597,43684
1004,50901,51906
1160,37285,38486
1251,37029,38281
1213,38706,39919
1080,55359,56441
985,46634,47621
1029,47647,48677
1061,37015,38078
970,52448,53420
1024,45144,46170
1069,44198,45270
1727,42359,44087
984,45112,46098
1112,38352,39467
982,45029,46013
1658,54993,56653
999,47748,48749
1261,56066,57330
1105,44245,45351
927,54595,55523
1188,45878,47067
1183,55085,56271
1088,52199,53290
1153,49502,50660
1124,58047,59173
2020,51336,53359
1057,45554,46614
1199,41208,42410
1414,38021,39438
1020,52074,53095
1091,39236,40330
1393,40229,41624
1128,39408,40538
1140,44961,46104
1463,51718,53182
1311,59472,60786
1277,59594,60874
1070,45374,46448
1213,38553,39770
1159,38351,39514
1205,36031,37238
1275,39878,41154
1171,51527,52700
1168,46476,47646
1173,47169,48345
1043,41687,42732
1245,40110,41357
1002,35509,36513
1208,36321,37536
1130,36746,37878
1939,51288,53229
1433,35847,37283
1074,38832,39911
1324,38108,39435
1579,36518,38100
1217,39771,40991
1472,46931,48460
1272,40724,41998
1139,55845,56987
1067,44582,45654
1141,46780,47924
1126,52044,53172
1221,40290,41513
1049,44612,45663
1020,37251,38274
1031,43029,44062
1137,35915,37053
1084,41547,42735
1035,36838,37876
1103,35888,36993
1013,36601,37636
1102,35669,36774
1103,45609,46716
1207,43143,44351
1174,48886,50063
1051,46032,47085
1118,52561,53682
1302,50442,51745
1068,58231,59301
1127,56711,57840
1105,60782,61918
1167,51050,52219
1035,45565,46603
1140,56892,58034
1114,51035,52151
1030,50167,51304
1366,53101,54469
1151,55626,56778
1199,37094,38296
1183,37327,38531
1327,50079,51409
1277,55873,57152
1105,55320,56428
1055,46094,47151
1020,55100,56121
1056,48167,49225
1052,43506,44559
1157,44743,45902
1045,53770,54816
1619,49909,51530
1671,47080,48752
1150,46278,47430
1269,57846,59117
1022,46605,47630
1228,54495,55726
5628,51884,57513
1562,52551,54114
2389,54808,57215
1130,40085,41219
1201,35904,37108
1130,46961,48093
1134,45828,46965
2757,52032,54790
1194,57282,58479
1260,47033,48297
1044,40345,41391
1088,47823,48914
1002,41125,42129
1058,50756,51817
1099,45220,46322
1062,42190,43255
1094,48796,49893
1131,36667,37801
1160,35101,36264
1101,41265,42369
2183,48381,50567
1324,41718,43046
2285,35550,37839
1085,38578,39666
1080,47746,48829
1047,41587,42637
1020,47230,48258
1121,46184,47308
1050,49984,51037
1094,49466,50562
1086,48304,49393
1217,48509,49730
1140,48089,49232
1201,44468,45672
1162,44938,46104
1039,41314,42356
1018,44558,45579
1135,44388,45527
1099,39583,40685
1100,35350,36454
1031,36264,37299
1077,40307,41386
1019,32780,33802
1046,33538,34588
1046,54643,55691
1000,52939,53941
1075,47684,48762
1066,45843,46912
1081,41141,42225
1064,48845,49912
1182,41580,42765
1077,40573,41653
1174,46966,48142
1084,49495,50582
1068,39861,40932
1016,46612,47630
1096,53288,54387
1051,39389,40448
1078,33296,34378
1737,47118,48858
1052,43073,44129
1072,48286,49362
1092,49908,51003
1336,47797,49137
1056,53480,54540
1058,41599,42661
1103,53220,54326
1236,53678,54917
1074,42258,43336
1359,53686,55048
1058,51934,52994
3482,50745,54229
1099,44957,46060
1158,51994,53153
1017,52168,53187
1055,37989,39045
1054,52741,53820
1163,52906,54072
1130,42206,43358
1083,47462,48547
1380,47407,48789
1319,34274,35595
1150,35907,37059
1135,43173,44310
1046,49885,50933
1062,33851,34915
1058,36316,37377
1050,43263,44315
1100,45948,47049
1042,47481,48525
1043,34791,35836
1248,38983,40234
1069,46289,47360
1886,54586,56474
1063,45567,46632
975,39806,40782
1080,46140,47221
940,39871,40814
1058,42054,43114
991,59154,60147
1210,53714,54926
1009,48682,49692
1054,48133,49190
1203,46647,47852
1032,56565,57598
1009,56434,57444
980,56946,57927
1036,48893,49931
1115,48473,49590
1170,40875,42050
1142,41858,43003
1041,49903,50948
1096,48666,49766
2022,56585,58610
1342,42174,43519
1100,50946,52050
1723,53523,55250
1086,48577,49666
1052,40646,41701
1109,50774,51886
1173,53803,54980
1107,47029,48140
1153,58761,59918
1584,58867,60455
1339,58311,59652
1087,42040,43130
1106,56691,57801
1234,58451,59688
1089,47513,48606
1650,37446,39105
1201,38154,39357
1311,37509,38823
1210,36686,37899
1119,43488,44610
1416,54750,56167
1204,51689,52894
991,48671,49664
1102,49221,50326
1153,49877,51033
1311,50357,51670
1237,54627,55867
1015,48871,49889
1132,46742,47875
1235,55548,56785
1158,43650,44810
1296,49787,51085
1191,42950,44142
1046,48661,49709
1148,50343,51495
1157,49079,50238
1053,48552,49607
1059,50135,51196
1049,37966,39017
1096,37614,38712
1112,35396,36511
1117,45491,46611
1033,44877,45911
993,37601,38596
990,35929,36921
999,36508,37508
996,38411,39408
959,35924,36885
987,42111,43100
1045,43246,44292
952,41443,42397
1088,46682,47771
1019,37430,38452
1047,36443,37492
995,36030,37026
1317,36989,38308
1063,37594,38791
1730,46351,48084
1128,41425,42556
1171,40593,41768
1145,48960,50109
1158,42839,44001
1145,46038,47185
1032,48907,49956
1157,43318,44478
1082,39754,40837
1044,36729,37775
1176,36487,37667
1204,35955,37162
1190,36929,38122
1101,50223,51326
1069,49967,51038
1023,37794,38818
1054,46347,47402
1047,37447,38495
1021,36466,37489
1168,47088,48259
1040,39627,40668
1051,45738,46791
1106,49240,50350
1165,61083,62250
1427,51625,53055
2799,48922,51725
1218,48656,49876
1124,45726,46853
1139,43564,44706
1046,54759,55809
1159,40981,42143
1115,51189,52306
1262,40644,41909
1121,44562,45687
1133,59436,60574
1049,59979,61030
1044,48758,49804
1308,53263,54573
1023,60824,61849
1138,50321,51485
1117,56684,57802
1104,47910,49015
1280,43165,44446
1065,45057,46124
1005,45122,46130
1052,60423,61477
1167,56783,57951
1001,51815,52817
967,55865,56834
972,56250,57223
971,54482,55454
976,51289,52267
1014,40192,41209
1069,55716,56787
1105,41779,42886
1013,56255,57270
1091,41555,42648
1201,37663,38865
1045,45273,46320
2553,46880,49436
1152,42918,44071
1021,37996,39019
1070,38950,40021
1041,38550,39592
1101,40463,41566
1102,36289,37394
1138,39316,40456
1133,45605,46740
1346,39749,41098
