1019.893,1019.89276,-6.4208345,-6.434168
1020.9486,1019.92084,-3.0827372,-4.7489567
1022.0015,1019.95105,0.090163924,-2.9380603
1023.0487,1019.98334,2.923656,-0.998716
0.09608424,1020.01556,5.7650537,0.933542
0.90177596,1020.0477,-5.8934426,2.8641255
1.954684,1020.08203,-2.718958,4.9210997
3.0101957,1019.89307,0.6117438,-6.417198
1020.0335,1020.9327,2.0119438,-4.039907
1021.0915,1020.96326,5.4904404,-2.2045846
1021.90497,1020.9943,-5.7014494,-0.33967116
1022.95215,1021.02655,-2.8709524,1.5937313
1023.9994,1021.0588,-0.03761903,3.526112
1.0466425,1021.09094,2.7985506,5.4554977
2.101627,1020.89886,6.0976195,-6.0682664
2.9181077,1020.9328,-4.913531,-4.0324993
1019.9348,1021.9702,-3.9109225,-1.7887324
1020.9937,1022.00256,-0.37839577,0.15555558
1022.04987,1022.03485,2.990909,2.090909
1023.0971,1022.0671,5.825641,4.025641
1023.9029,1022.0993,-5.828205,5.95812
0.95006496,1021.906,-2.996104,-5.6406927
2.006151,1021.9381,0.36906245,-3.7146666
3.0652056,1021.9701,3.912331,-1.7953051
1020.07965,1023.0019,4.777655,0.11392407
1020.8971,1023.0342,-6.1750007,2.0506024
1021.95325,1023.06647,-2.8047059,3.9882352
1023.0005,1023.09875,0.02751938,5.924031
0.04777778,1022.90546,2.8666666,-5.6713176
1.0950196,1022.9376,5.7011766,-3.7435296
1.9096235,1022.96967,-5.4225893,-1.8192772
2.9685159,1023.0017,-1.8890477,0.10210968
1019.98303,0.03354005,-1.0184835,2.012403
1021.042,0.06578755,2.5212038,3.9472528
1022.0982,0.09811231,5.892473,5.8867383
1022.9039,1023.9049,-5.766667,-5.7049646
1023.9511,1023.93713,-2.9333334,-3.7723405
0.9982975,1023.96924,-0.102150545,-1.8451613
2.0545368,0.0012942606,3.2722027,0.077655636
3.1135638,0.033449613,6.8138323,2.0069766
1019.8864,1.0651852,-6.8141284,3.911111
1020.94543,1.0974187,-3.2728875,5.845118
1022.0016,0.90429044,0.0940594,-5.742574
1023.04877,0.9365795,2.9274511,-3.8052287
0.09609478,0.9687908,5.7656865,-1.872549
0.9017327,1.000902,-5.8960395,0.054125413
1.9578646,1.0330079,-2.5281227,1.9804715
3.0168662,1.0651852,1.0119777,3.911111
1020.0313,2.0968688,1.8797351,5.8121214
1021.09033,1.9036793,5.4195623,-5.7792454
1021.90497,1.9359531,-5.7009172,-3.8428135
1022.95215,1.9682525,-2.869394,-1.9048485
1023.9994,2.0004647,-0.03606066,0.027878778
1.0466514,2.0326402,2.7990825,1.9584098
2.102913,2.0648217,6.1747775,3.8893082
2.9204051,2.0970035,-4.775695,5.820202
1019.9347,2.903247,-3.9197516,-5.805178
1020.9937,2.9354954,-0.37718257,-3.8702703
1022.04987,2.9677584,2.9913044,-1.9344927
1023.0971,3.0000284,5.8262105,0.0017093662
1023.9029,3.032241,-5.826211,1.9344729
0.95014495,3.0644927,-2.9913044,3.8695652
2.0062864,3.0967166,0.37718257,5.8030033
3.065329,2.9034736,3.9197516,-5.791586
1020.07947,3.9355233,4.769569,-3.8686085
1020.89703,3.9678478,-6.178984,-1.9291291
1021.95325,4.0000772,-2.8043478,0.0046377527
1023.00055,4.032232,0.031338982,1.9339031
0.047839507,4.0644445,2.8703704,3.8666668
1.0950725,4.0966763,5.7043476,5.8005795
1.9097399,3.9034433,-5.4156103,-5.793393
2.9687274,3.9355986,-1.8763648,-3.8640776
1019.98303,4.967542,-1.0172346,-1.9474747
1021.04205,4.9997168,2.523336,-0.01698113
1022.0982,5.0318146,5.893578,1.9088684
1022.9039,5.0639396,-5.768485,3.8363636
1023.9512,5.0961514,-2.9306061,5.769091
0.99837923,4.902946,-0.09724772,-5.8232417
2.054564,4.9352307,3.273834,-3.8861635
3.1136205,4.967441,6.8172345,-1.9535353
1019.88635,5.999307,-6.8184295,-0.041577075
1020.94543,6.0313807,-3.2749076,1.8828284
1022.00165,6.063454,0.0990099,3.8072608
1023.0488,6.095588,2.9303923,5.7352943
0.096062094,5.9023204,5.7637253,-5.8607845
0.9017327,5.9345875,-5.8960395,-3.9247525
1.9579151,5.9668913,-2.5250924,-1.986532
3.0169737,5.99914,1.0184293,-0.051612906
1020.0314,7.0309563,1.8838421,1.8573643
1021.09033,7.062979,5.420105,3.7787545
1021.9049,7.0950775,-5.704301,5.7046595
1022.95215,6.9017496,-2.8698583,-5.8950357
1023.99945,6.93396,-0.031205673,-3.9624112
1.0466846,6.9662127,2.8010752,-2.0272403
2.1028516,6.998486,6.171104,-0.090842605
2.9203663,7.0308657,-4.778028,1.851938
1019.93475,8.062602,-3.9147496,3.756118
1020.9938,8.094551,-0.37259123,5.6730924
1022.04987,7.9012156,2.9929411,-5.9270587
1023.0971,7.933372,5.825194,-3.9976745
1023.90283,7.9655814,-5.829845,-2.0651164
0.9500784,7.997817,-2.995294,-0.13098048
2.0062299,8.030148,0.37379605,1.8088353
3.065098,8.0627,3.905889,3.7620254
1020.07965,9.094178,4.77781,5.6507044
1020.8971,8.900741,-6.1757293,-5.9555554
1021.9533,8.932799,-2.8025975,-4.0320344
1023.00055,8.964972,0.033333413,-2.1017094
0.047777783,8.997179,2.8666668,-0.1692308
1.0949568,9.029495,5.6974025,1.769697
1.90964,9.061896,-5.421604,3.7137778
2.9685857,9.094398,-1.884852,5.66385
1019.98535,9.906097,-0.8801198,-5.634167
1021.0433,9.940043,2.5964103,-3.5974054
1022.09814,9.973374,5.889855,-1.5975268
1022.9039,10.005565,-5.7695236,0.33388785
1023.9512,10.037771,-2.9290476,2.2662687
0.9984058,10.070073,-0.095652185,4.2044053
2.0532687,10.101204,3.196127,6.0722466
3.1113088,9.90622,6.6785326,-5.6267595
1019.893,10.945943,-6.4208345,-3.2434077
1020.94855,10.982408,-3.086127,-1.055563
1022.00165,11.016764,0.09836066,1.0058199
1023.0488,11.048849,2.9284947,2.930974
0.09603047,11.081054,5.761828,4.863232
0.90177596,11.113339,-5.8934426,6.8003554
1.9547688,10.918019,-2.713873,-4.91884
3.0103471,10.945943,0.6208347,-3.2434077
